gender,NationalITy,PlaceofBirth,StageID,GradeID,SectionID,Topic,Semester,Relation,raisedhands,VisITedResources,AnnouncementsView,Discussion,ParentAnsweringSurvey,ParentschoolSatisfaction,StudentAbsenceDays,Class,engagement_score,Class_num
M,Kw,Kuwait,lowerlevel,G-04,A,IT,F,Father,15,16,2,20,Yes,Good,Under_7,M,13.15,1
M,Kw,Kuwait,lowerlevel,G-04,A,IT,F,Father,20,20,3,25,Yes,Good,Under_7,M,16.94,1
M,Kw,Kuwait,lowerlevel,G-04,A,IT,F,Father,10,7,0,30,No,Bad,Above_7,L,11.67,0
M,Kw,Kuwait,lowerlevel,G-04,A,IT,F,Father,30,25,5,35,No,Bad,Above_7,L,23.76,0
M,Kw,Kuwait,lowerlevel,G-04,A,IT,F,Father,40,50,12,50,No,Bad,Above_7,M,38.19,1
F,Kw,Kuwait,lowerlevel,G-04,A,IT,F,Father,42,30,13,70,Yes,Bad,Above_7,M,38.99,1
M,Kw,Kuwait,MiddleSchool,G-07,A,Math,F,Father,35,12,0,17,No,Bad,Above_7,L,15.86,0
M,Kw,Kuwait,MiddleSchool,G-07,A,Math,F,Father,50,10,15,22,Yes,Good,Under_7,M,24.21,1
F,Kw,Kuwait,MiddleSchool,G-07,A,Math,F,Father,12,21,16,50,Yes,Good,Under_7,M,24.88,1
F,Kw,Kuwait,MiddleSchool,G-07,B,IT,F,Father,70,80,25,70,Yes,Good,Under_7,M,61.68,1
M,Kw,Kuwait,MiddleSchool,G-07,A,Math,F,Father,50,88,30,80,Yes,Good,Under_7,H,62.53,2
M,Kw,Kuwait,MiddleSchool,G-07,B,Math,F,Father,19,6,19,12,Yes,Good,Under_7,M,13.92,1
M,Kw,Kuwait,lowerlevel,G-04,A,IT,F,Father,5,1,0,11,No,Bad,Above_7,L,4.05,0
M,Lebanon,Lebanon,MiddleSchool,G-08,A,Math,F,Father,20,14,12,19,No,Bad,Above_7,L,16.19,0
F,Kw,Kuwait,MiddleSchool,G-08,A,Math,F,Mum,62,70,44,60,No,Bad,Above_7,H,59.45,2
F,Kw,Kuwait,MiddleSchool,G-06,A,IT,F,Father,30,40,22,66,Yes,Good,Under_7,M,39.79,1
M,Kw,Kuwait,MiddleSchool,G-07,B,IT,F,Father,36,30,20,80,No,Bad,Above_7,M,41.83,1
M,Kw,Kuwait,MiddleSchool,G-07,A,Math,F,Father,55,13,35,90,No,Bad,Above_7,M,48.67,1
F,Kw,Kuwait,MiddleSchool,G-07,A,IT,F,Mum,69,15,36,96,Yes,Good,Under_7,M,54.46,1
M,Kw,Kuwait,MiddleSchool,G-07,B,IT,F,Mum,70,50,40,99,Yes,Good,Under_7,H,65.33,2
F,Kw,Kuwait,MiddleSchool,G-07,A,IT,F,Father,60,60,33,90,No,Bad,Above_7,M,61.27,1
F,Kw,Kuwait,MiddleSchool,G-07,B,IT,F,Father,10,12,4,80,No,Bad,Under_7,M,26.7,1
M,Kw,Kuwait,MiddleSchool,G-07,A,IT,F,Father,15,21,2,90,No,Bad,Under_7,M,32.27,1
M,Kw,Kuwait,MiddleSchool,G-07,A,IT,F,Father,2,0,2,50,No,Bad,Above_7,L,13.51,0
M,Kw,Kuwait,MiddleSchool,G-07,B,IT,F,Father,0,2,3,70,Yes,Good,Above_7,L,18.87,0
M,Kw,Kuwait,MiddleSchool,G-07,A,IT,F,Father,8,7,30,40,Yes,Good,Above_7,L,21.37,0
M,Kw,Kuwait,MiddleSchool,G-07,B,IT,F,Father,19,19,25,40,Yes,Bad,Under_7,M,25.87,1
M,Kw,Kuwait,MiddleSchool,G-08,A,Arabic,F,Father,25,15,12,33,No,Bad,Above_7,L,21.26,0
M,Kw,Kuwait,MiddleSchool,G-08,A,Science,F,Father,75,85,52,43,Yes,Good,Under_7,M,64.19,1
F,Kw,Kuwait,MiddleSchool,G-08,A,Arabic,F,Father,30,90,33,35,No,Bad,Under_7,M,47.32,1
F,Kw,Kuwait,MiddleSchool,G-08,A,Arabic,F,Father,35,80,50,70,Yes,Good,Under_7,H,59.31,2
M,Kw,Kuwait,MiddleSchool,G-07,A,IT,F,Father,4,5,40,16,Yes,Good,Above_7,L,16.29,0
F,Kw,Kuwait,lowerlevel,G-07,A,IT,F,Father,2,19,10,50,Yes,Good,Above_7,L,20.35,0
M,Kw,Kuwait,lowerlevel,G-05,A,English,F,Father,8,22,9,40,No,Bad,Above_7,L,19.8,0
M,Kw,Kuwait,MiddleSchool,G-07,B,Science,F,Father,12,11,8,40,No,Bad,Above_7,L,17.77,0
M,Kw,Kuwait,MiddleSchool,G-07,A,English,F,Father,10,12,17,30,No,Bad,Above_7,L,17.26,0
M,Kw,Kuwait,MiddleSchool,G-07,B,Science,F,Mum,8,6,4,22,Yes,Good,Above_7,L,9.89,0
F,Egypt,Egypt,MiddleSchool,G-07,A,IT,F,Father,45,54,26,90,Yes,Good,Under_7,M,54.22,1
M,Kw,Kuwait,MiddleSchool,G-06,A,IT,F,Father,0,0,0,4,No,Bad,Above_7,L,0.77,0
F,Saudiarabia,Saudiarabia,MiddleSchool,G-07,B,Science,F,Father,50,90,37,70,Yes,Good,Under_7,M,62.27,1
F,Kw,Kuwait,MiddleSchool,G-07,A,IT,F,Father,14,13,3,70,No,Bad,Above_7,L,25.15,0
M,Kw,Kuwait,MiddleSchool,G-07,A,IT,F,Father,19,20,16,50,No,Good,Under_7,M,26.38,1
M,Kw,Kuwait,HighSchool,G-09,A,IT,F,Father,10,12,7,33,Yes,Good,Above_7,L,15.48,0
F,Kw,Kuwait,HighSchool,G-09,A,IT,F,Father,30,35,28,90,Yes,Good,Under_7,M,46.19,1
F,Kw,Kuwait,HighSchool,G-09,A,IT,F,Father,33,33,30,90,No,Bad,Under_7,M,46.94,1
M,Kw,Kuwait,MiddleSchool,G-07,A,Quran,F,Father,20,12,15,70,No,Good,Above_7,L,29.46,0
M,Kw,Kuwait,lowerlevel,G-05,A,English,F,Father,7,10,1,30,No,Bad,Above_7,L,11.93,0
F,Kw,Kuwait,HighSchool,G-12,A,English,F,Mum,70,4,39,90,Yes,Good,Under_7,H,51.16,2
F,Kw,Kuwait,HighSchool,G-12,A,English,F,Mum,13,80,40,88,Yes,Good,Under_7,H,55.85,2
F,Kw,Kuwait,HighSchool,G-12,A,English,F,Father,29,39,50,77,Yes,Good,Under_7,M,49.24,1
F,Kw,Kuwait,HighSchool,G-12,A,English,F,Father,20,14,12,70,No,Bad,Above_7,L,29.2,0
M,Kw,Kuwait,HighSchool,G-12,A,English,F,Father,39,15,16,50,No,Good,Above_7,L,30.12,0
F,Kw,Kuwait,HighSchool,G-12,A,English,F,Father,55,90,16,40,No,Bad,Under_7,M,50.51,1
F,Kw,Kuwait,HighSchool,G-11,A,Science,F,Mum,49,70,19,75,Yes,Good,Under_7,H,53.65,2
M,Kw,Kuwait,HighSchool,G-12,A,English,F,Mum,12,50,8,30,No,Bad,Above_7,L,25.07,0
M,Kw,Kuwait,MiddleSchool,G-07,A,Math,F,Father,16,14,6,20,Yes,Good,Above_7,L,13.91,0
M,Usa,Usa,MiddleSchool,G-08,B,Math,F,Father,19,5,4,1,Yes,Good,Above_7,L,7.03,0
M,Kw,Kuwait,MiddleSchool,G-07,A,Math,F,Father,5,2,6,5,Yes,Good,Above_7,L,4.31,0
M,Kw,Kuwait,MiddleSchool,G-07,A,Math,F,Father,28,60,19,50,Yes,Good,Under_7,M,39.5,1
F,Usa,Usa,MiddleSchool,G-07,A,Math,F,Father,27,22,22,40,No,Good,Under_7,M,27.87,1
F,Jordan,Jordan,lowerlevel,G-05,A,English,F,Mum,21,10,28,20,No,Good,Above_7,L,19.77,0
M,Kw,Kuwait,HighSchool,G-10,A,IT,F,Father,50,70,32,40,Yes,Good,Under_7,M,48.29,1
M,Venzuela,Venzuela,HighSchool,G-10,A,IT,F,Mum,80,90,70,80,Yes,Good,Under_7,H,80.74,2
M,Kw,Kuwait,HighSchool,G-10,A,IT,F,Father,17,13,16,12,Yes,Bad,Under_7,M,14.42,1
M,Kw,Kuwait,HighSchool,G-10,A,IT,F,Father,0,5,7,2,No,Bad,Above_7,L,3.3,0
M,Kw,Kuwait,HighSchool,G-12,A,English,F,Father,13,5,18,19,No,Bad,Above_7,L,13.7,0
F,Kw,Kuwait,HighSchool,G-12,A,English,F,Father,25,10,19,30,No,Bad,Above_7,M,21.02,1
F,Usa,Usa,HighSchool,G-12,A,English,F,Mum,65,75,23,80,Yes,Good,Under_7,H,61.21,2
F,Usa,Usa,HighSchool,G-12,A,IT,F,Mum,70,69,35,30,Yes,Good,Under_7,H,51.25,2
M,Jordan,Jordan,MiddleSchool,G-07,A,IT,F,Father,39,40,11,33,No,Bad,Under_7,M,30.82,1
M,Jordan,Jordan,MiddleSchool,G-07,A,IT,F,Father,22,30,10,12,Yes,Good,Above_7,L,18.43,0
M,Kw,Kuwait,MiddleSchool,G-07,A,IT,F,Father,29,22,9,20,Yes,Good,Under_7,M,19.95,1
M,Kw,Kuwait,MiddleSchool,G-07,A,Math,F,Father,11,2,2,8,No,Bad,Under_7,L,5.55,0
F,Kw,Kuwait,MiddleSchool,G-07,A,English,F,Father,19,30,26,19,Yes,Bad,Above_7,M,23.55,1
M,Kw,Kuwait,MiddleSchool,G-07,B,IT,F,Father,12,0,6,13,No,Bad,Under_7,L,7.59,0
M,Jordan,Jordan,MiddleSchool,G-07,A,Quran,F,Mum,50,90,29,60,Yes,Good,Under_7,M,57.68,1
M,Iran,Iran,HighSchool,G-09,A,IT,F,Mum,15,70,37,44,Yes,Good,Under_7,M,41.83,1
M,Kw,Kuwait,HighSchool,G-09,A,IT,F,Father,20,80,33,33,Yes,Good,Under_7,M,41.78,1
M,Kw,Kuwait,HighSchool,G-11,A,Quran,F,Father,13,3,11,9,No,Bad,Above_7,L,8.85,0
F,Lebanon,Lebanon,MiddleSchool,G-07,B,Math,F,Mum,80,90,49,55,Yes,Bad,Under_7,H,69.0,2
M,Kw,Kuwait,MiddleSchool,G-07,A,Math,F,Father,8,15,10,40,Yes,Bad,Under_7,L,18.29,0
M,Kw,Kuwait,lowerlevel,G-02,A,IT,F,Father,8,25,1,70,No,Bad,Above_7,L,26.17,0
M,Kw,Kuwait,lowerlevel,G-02,B,IT,F,Father,7,5,2,80,Yes,Good,Above_7,L,23.68,0
M,Kw,Kuwait,lowerlevel,G-02,B,IT,F,Father,7,4,10,50,No,Good,Above_7,M,17.81,1
M,Kw,Kuwait,lowerlevel,G-02,B,IT,F,Father,50,70,50,10,Yes,Good,Above_7,H,45.23,2
M,Kw,Kuwait,lowerlevel,G-02,B,IT,F,Father,1,0,1,12,No,Bad,Above_7,L,3.31,0
M,Saudiarabia,Saudiarabia,lowerlevel,G-02,B,IT,F,Father,70,12,40,50,Yes,Good,Under_7,H,43.23,2
M,Kw,Kuwait,lowerlevel,G-02,B,IT,F,Father,19,70,3,50,No,Bad,Under_7,L,35.69,0
F,Kw,Kuwait,lowerlevel,G-02,B,IT,F,Father,3,12,4,33,No,Bad,Under_7,L,12.96,0
M,Kw,Kuwait,lowerlevel,G-02,B,IT,F,Father,5,20,1,50,Yes,Good,Above_7,L,19.06,0
M,Kw,Kuwait,lowerlevel,G-02,B,IT,F,Father,4,8,10,60,Yes,Good,Above_7,L,20.62,0
M,Kw,Kuwait,lowerlevel,G-02,B,IT,F,Father,80,90,55,19,Yes,Good,Under_7,H,61.35,2
F,Kw,Kuwait,lowerlevel,G-02,B,IT,F,Father,50,70,19,15,Yes,Good,Under_7,H,38.6,2
M,Usa,Usa,lowerlevel,G-02,B,IT,F,Father,55,89,40,40,Yes,Good,Under_7,H,56.38,2
F,Kw,Kuwait,lowerlevel,G-02,B,IT,F,Father,80,44,35,10,No,Good,Above_7,L,42.34,0
F,Kw,Kuwait,lowerlevel,G-02,B,IT,F,Father,100,80,2,70,No,Bad,Under_7,H,63.31,2
F,Kw,Kuwait,lowerlevel,G-02,C,IT,F,Father,14,60,11,75,Yes,Good,Under_7,H,40.34,2
F,Kw,Kuwait,lowerlevel,G-02,B,IT,F,Father,6,2,38,12,No,Bad,Under_7,M,14.51,1
F,Kw,Kuwait,lowerlevel,G-02,C,IT,F,Father,10,3,0,30,No,Bad,Under_7,M,10.66,1
M,Kw,Kuwait,lowerlevel,G-02,B,IT,F,Father,50,7,9,50,Yes,Bad,Above_7,M,29.06,1
M,Kw,Kuwait,lowerlevel,G-02,B,IT,F,Father,50,90,40,90,Yes,Bad,Under_7,M,68.14,1
F,Kw,Kuwait,lowerlevel,G-02,B,IT,F,Mum,70,92,50,7,Yes,Good,Under_7,H,55.02,2
F,Kw,Kuwait,lowerlevel,G-02,B,IT,F,Father,2,6,2,8,No,Bad,Above_7,L,4.31,0
M,Kw,Kuwait,lowerlevel,G-02,B,IT,F,Father,1,7,6,10,No,Bad,Above_7,L,5.84,0
M,Kw,Kuwait,lowerlevel,G-02,B,IT,F,Father,0,12,3,3,Yes,Good,Above_7,M,4.31,1
F,Kw,Kuwait,lowerlevel,G-02,B,IT,F,Father,0,0,5,80,Yes,Good,Above_7,L,21.43,0
F,Kw,Kuwait,lowerlevel,G-02,B,IT,F,Father,12,26,7,40,Yes,Good,Under_7,M,21.3,1
M,Kw,Kuwait,lowerlevel,G-02,B,IT,F,Father,70,90,41,33,Yes,Bad,Under_7,H,58.85,2
M,Saudiarabia,Saudiarabia,lowerlevel,G-02,B,IT,F,Father,7,12,5,3,No,Bad,Above_7,M,6.57,1
M,Kw,Kuwait,lowerlevel,G-02,B,IT,F,Father,90,70,30,14,No,Bad,Under_7,M,51.15,1
F,Jordan,Jordan,lowerlevel,G-02,B,IT,F,Mum,70,88,55,40,Yes,Good,Under_7,H,63.7,2
M,Kw,Kuwait,lowerlevel,G-02,C,IT,F,Father,77,80,51,80,No,Good,Under_7,M,72.62,1
M,Kw,Kuwait,lowerlevel,G-02,B,IT,F,Father,2,5,3,50,No,Bad,Above_7,L,15.03,0
M,Kw,Kuwait,lowerlevel,G-02,B,IT,F,Father,25,27,0,69,No,Bad,Above_7,L,30.42,0
M,Kw,Kuwait,lowerlevel,G-02,B,IT,F,Father,11,2,0,50,No,Bad,Above_7,L,15.76,0
M,Kw,Kuwait,lowerlevel,G-02,B,IT,F,Father,0,8,11,70,Yes,Good,Above_7,L,22.43,0
F,Kw,Kuwait,lowerlevel,G-02,C,IT,F,Mum,77,80,12,19,Yes,Good,Above_7,M,47.11,1
F,Kw,Kuwait,lowerlevel,G-02,C,IT,F,Mum,25,29,40,17,No,Good,Under_7,H,27.86,2
F,Kw,Kuwait,lowerlevel,G-02,C,IT,F,Mum,24,35,23,22,Yes,Good,Above_7,M,26.06,1
M,Kw,Kuwait,lowerlevel,G-02,C,IT,F,Father,60,60,3,60,No,Bad,Under_7,M,45.97,1
M,Kw,Kuwait,lowerlevel,G-02,C,IT,F,Mum,21,12,0,50,Yes,Good,Under_7,M,20.78,1
M,Kw,Kuwait,lowerlevel,G-02,C,IT,F,Mum,0,4,8,30,No,Bad,Above_7,L,10.45,0
F,Kw,Kuwait,lowerlevel,G-02,B,IT,F,Father,66,90,55,12,Yes,Good,Above_7,M,56.06,1
F,Lebanon,Lebanon,lowerlevel,G-02,B,IT,F,Father,70,98,7,5,Yes,Good,Under_7,M,45.05,1
M,Kw,Kuwait,lowerlevel,G-02,C,IT,F,Father,0,6,4,15,Yes,Bad,Under_7,L,6.11,0
M,Kw,Kuwait,lowerlevel,G-02,B,IT,F,Father,12,30,0,17,No,Good,Above_7,L,14.66,0
F,Iran,Iran,lowerlevel,G-02,C,IT,F,Father,2,9,7,55,Yes,Good,Under_7,M,18.33,1
M,Kw,Kuwait,lowerlevel,G-02,B,IT,F,Father,55,33,6,9,No,Bad,Above_7,L,25.65,0
M,Kw,Kuwait,lowerlevel,G-02,C,IT,F,Father,12,10,20,16,No,Bad,Under_7,L,14.45,0
M,Kw,Kuwait,lowerlevel,G-02,B,IT,F,Father,70,90,2,2,Yes,Good,Under_7,L,40.99,0
F,Kw,Kuwait,lowerlevel,G-02,C,IT,F,Father,7,9,5,30,No,Bad,Above_7,L,12.7,0
M,Jordan,Jordan,lowerlevel,G-02,C,IT,F,Father,80,42,20,50,Yes,Good,Under_7,M,48.21,1
M,Kw,Kuwait,lowerlevel,G-02,C,IT,S,Father,0,3,10,3,No,Bad,Above_7,L,3.82,0
M,Kw,Kuwait,lowerlevel,G-02,A,IT,S,Father,12,60,0,70,Yes,Good,Above_7,L,35.75,0
M,Kw,Kuwait,MiddleSchool,G-07,A,Quran,S,Father,80,80,15,70,Yes,Good,Under_7,H,61.63,2
F,Egypt,Egypt,MiddleSchool,G-07,A,Quran,S,Mum,70,80,95,70,Yes,Good,Under_7,H,79.54,2
F,Kw,Usa,HighSchool,G-11,A,Quran,S,Mum,70,80,95,70,Yes,Good,Under_7,H,79.54,2
F,Kw,Usa,HighSchool,G-11,A,Quran,F,Mum,60,80,50,40,No,Bad,Under_7,M,57.91,1
F,Jordan,Egypt,MiddleSchool,G-07,A,Quran,F,Mum,100,80,95,90,No,Bad,Under_7,H,92.14,2
M,Jordan,Usa,MiddleSchool,G-07,A,Quran,F,Mum,100,85,85,70,No,Bad,Under_7,M,85.75,1
M,Tunis,Tunis,MiddleSchool,G-07,A,Quran,F,Father,10,60,5,20,Yes,Bad,Above_7,L,23.77,0
M,Tunis,Tunis,MiddleSchool,G-07,A,Quran,S,Father,19,65,50,10,No,Bad,Above_7,L,36.22,0
M,Tunis,Tunis,MiddleSchool,G-07,A,Quran,S,Father,10,75,55,11,Yes,Good,Under_7,M,38.02,1
M,Kw,Kuwait,MiddleSchool,G-07,A,Quran,S,Father,80,90,55,19,Yes,Good,Under_7,H,61.35,2
M,Kw,Kuwait,MiddleSchool,G-07,A,Quran,S,Father,10,10,15,19,No,Bad,Above_7,L,13.44,0
M,Tunis,Saudiarabia,MiddleSchool,G-07,A,Quran,S,Father,70,75,55,11,Yes,Bad,Under_7,M,53.02,1
F,Lebanon,Lebanon,MiddleSchool,G-07,A,Quran,S,Mum,100,75,50,70,Yes,Good,Under_7,H,74.3,2
F,Lebanon,Lebanon,MiddleSchool,G-07,A,Quran,S,Father,10,79,30,30,No,Bad,Under_7,M,37.5,1
F,Jordan,Jordan,MiddleSchool,G-07,A,Quran,S,Father,60,55,30,40,No,Bad,Under_7,M,46.49,1
F,Jordan,Lebanon,MiddleSchool,G-07,A,Quran,S,Mum,100,75,50,70,Yes,Bad,Under_7,H,74.3,2
M,Saudiarabia,Saudiarabia,HighSchool,G-11,A,Quran,S,Father,80,80,51,59,Yes,Good,Under_7,H,68.01,2
M,Saudiarabia,Usa,HighSchool,G-11,A,Science,S,Father,23,63,71,89,Yes,Good,Under_7,M,62.22,1
F,Saudiarabia,Usa,HighSchool,G-11,B,Science,S,Father,100,91,98,40,Yes,Bad,Under_7,H,82.93,2
M,Saudiarabia,Usa,HighSchool,G-11,B,Spanish,S,Father,10,51,40,40,No,Bad,Above_7,L,35.53,0
M,Saudiarabia,Usa,HighSchool,G-11,B,English,S,Father,70,50,33,41,No,Bad,Above_7,M,48.75,1
M,Saudiarabia,Usa,HighSchool,G-11,B,Math,S,Father,70,58,73,91,Yes,Bad,Under_7,H,73.73,2
F,Tunis,Usa,HighSchool,G-11,B,French,S,Father,70,50,30,49,Yes,Good,Under_7,M,50.02,1
M,Tunis,Tunis,HighSchool,G-11,B,Science,S,Father,70,50,33,40,No,Good,Under_7,M,48.49,1
M,Tunis,Kuwait,MiddleSchool,G-07,B,Science,S,Father,22,51,48,10,No,Bad,Above_7,L,32.92,0
F,Kw,Kuwait,MiddleSchool,G-07,B,Science,S,Father,62,68,48,80,Yes,Good,Under_7,M,65.07,1
F,Jordan,Jordan,MiddleSchool,G-07,B,Science,S,Mum,82,89,58,50,Yes,Good,Under_7,H,70.27,2
M,Jordan,Jordan,MiddleSchool,G-07,B,Science,S,Mum,72,80,58,66,No,Bad,Under_7,M,69.58,1
F,Jordan,Jordan,lowerlevel,G-02,B,French,S,Mum,70,82,3,73,No,Bad,Under_7,H,57.34,2
F,Jordan,Usa,lowerlevel,G-02,B,French,S,Mum,60,82,93,43,No,Bad,Above_7,M,70.15,1
M,Jordan,Jordan,lowerlevel,G-02,B,French,S,Mum,55,72,83,14,Yes,Good,Above_7,M,56.42,1
F,Morocco,Morocco,lowerlevel,G-02,B,French,S,Mum,72,65,73,66,Yes,Good,Under_7,H,69.62,2
M,Kw,Kuwait,lowerlevel,G-02,B,French,S,Mum,51,82,53,43,No,Bad,Under_7,M,57.69,1
M,Tunis,Tunis,lowerlevel,G-02,B,French,S,Mum,80,92,83,43,Yes,Good,Under_7,H,75.12,2
M,Kw,Kuwait,lowerlevel,G-02,B,French,S,Mum,60,52,23,33,Yes,Good,Under_7,H,42.16,2
M,Kw,Kuwait,lowerlevel,G-02,B,French,S,Mum,30,12,29,23,No,Bad,Under_7,M,23.54,1
M,Kw,Kuwait,lowerlevel,G-02,B,French,S,Father,40,62,83,33,Yes,Good,Under_7,H,54.99,2
M,Kw,Kuwait,lowerlevel,G-02,B,French,S,Mum,60,52,23,33,No,Good,Under_7,M,42.16,1
M,Iran,Iran,lowerlevel,G-02,B,French,S,Mum,20,22,53,13,No,Good,Above_7,L,27.14,0
M,Syria,Syria,lowerlevel,G-02,B,French,S,Mum,20,52,23,33,Yes,Good,Above_7,L,32.16,0
F,Jordan,Jordan,lowerlevel,G-02,B,French,S,Father,50,62,73,43,Yes,Bad,Above_7,M,57.49,1
M,Iran,Iran,lowerlevel,G-02,B,French,S,Father,10,2,13,53,No,Bad,Above_7,L,19.59,0
M,Tunis,Tunis,lowerlevel,G-02,B,French,S,Mum,60,52,23,33,Yes,Bad,Under_7,H,42.16,2
F,Usa,Usa,lowerlevel,G-02,B,French,S,Mum,15,52,83,11,Yes,Bad,Under_7,M,40.61,1
F,Lebanon,Lebanon,lowerlevel,G-02,B,French,S,Mum,80,42,33,13,Yes,Bad,Under_7,H,42.09,2
M,Lebanon,Lebanon,lowerlevel,G-02,B,French,S,Mum,40,51,20,33,No,Bad,Under_7,M,36.14,1
F,Saudiarabia,Saudiarabia,lowerlevel,G-02,B,French,S,Father,60,70,63,93,Yes,Bad,Under_7,H,72.22,2
M,Jordan,Jordan,lowerlevel,G-02,B,French,S,Father,50,62,13,33,No,Bad,Above_7,L,39.64,0
M,Kw,Kuwait,MiddleSchool,G-08,A,Arabic,S,Mum,85,75,62,53,Yes,Bad,Under_7,H,69.27,2
F,Lebanon,Lebanon,MiddleSchool,G-08,A,Arabic,S,Father,25,15,32,53,No,Bad,Under_7,M,31.47,1
M,Lebanon,Lebanon,MiddleSchool,G-08,A,Arabic,S,Mum,10,35,30,13,No,Bad,Above_7,L,22.05,0
M,Lebanon,Jordan,MiddleSchool,G-08,A,Arabic,S,Mum,87,65,82,33,Yes,Good,Under_7,H,67.25,2
M,Kw,Kuwait,MiddleSchool,G-08,A,Arabic,S,Mum,85,15,22,53,Yes,Good,Under_7,M,43.92,1
F,Kw,Kuwait,MiddleSchool,G-08,A,Arabic,S,Father,80,71,52,51,Yes,Good,Under_7,M,63.95,1
M,Kw,Kuwait,MiddleSchool,G-08,A,Arabic,S,Mum,75,71,72,53,Yes,Good,Under_7,H,68.31,2
F,Kw,Kuwait,MiddleSchool,G-08,A,Arabic,S,Father,85,66,12,23,No,Bad,Under_7,M,46.59,1
M,Kw,Kuwait,MiddleSchool,G-08,A,Arabic,S,Father,23,25,32,53,No,Bad,Under_7,L,33.49,0
M,Kw,Kuwait,MiddleSchool,G-08,A,Arabic,S,Father,15,25,37,13,Yes,Good,Above_7,L,22.56,0
M,Kw,Kuwait,MiddleSchool,G-08,A,Arabic,S,Mum,95,91,62,53,Yes,Good,Under_7,M,75.81,1
M,Morocco,Morocco,MiddleSchool,G-08,A,Arabic,S,Mum,81,75,62,53,No,Bad,Under_7,M,68.27,1
M,Morocco,Morocco,MiddleSchool,G-08,A,Arabic,S,Mum,53,75,72,23,No,Bad,Under_7,M,56.17,1
M,Kw,Kuwait,MiddleSchool,G-08,A,Arabic,S,Father,15,43,42,33,Yes,Good,Under_7,M,33.49,1
M,Kw,Kuwait,MiddleSchool,G-08,A,Arabic,S,Mum,92,65,62,53,Yes,Good,Under_7,H,68.5,2
M,Kw,Kuwait,MiddleSchool,G-08,A,Arabic,S,Mum,83,75,62,53,No,Bad,Under_7,H,68.77,2
M,Morocco,Morocco,MiddleSchool,G-08,B,Arabic,S,Father,27,15,42,53,No,Bad,Above_7,L,34.52,0
M,Kw,Kuwait,MiddleSchool,G-08,B,Arabic,S,Father,45,95,12,13,No,Bad,Under_7,M,41.36,1
M,Kw,Kuwait,MiddleSchool,G-08,B,Arabic,S,Mum,15,90,52,83,Yes,Bad,Under_7,H,60.66,2
F,Lebanon,Lebanon,MiddleSchool,G-08,A,Arabic,S,Mum,45,58,52,43,Yes,Good,Under_7,H,49.88,2
M,Kw,Kuwait,MiddleSchool,G-08,B,Arabic,S,Father,25,5,12,33,Yes,Good,Under_7,M,18.74,1
F,Kw,Kuwait,MiddleSchool,G-08,B,Arabic,S,Father,22,51,42,40,Yes,Bad,Under_7,M,39.04,1
M,Jordan,Jordan,MiddleSchool,G-08,B,Arabic,S,Father,29,10,12,24,No,Bad,Above_7,L,18.7,0
F,Saudiarabia,Saudiarabia,MiddleSchool,G-08,B,Arabic,S,Mum,72,51,42,24,Yes,Bad,Above_7,H,47.46,2
M,Kw,Kuwait,MiddleSchool,G-08,B,Arabic,S,Father,67,31,42,14,Yes,Good,Under_7,M,38.61,1
M,Kw,Kuwait,MiddleSchool,G-08,C,Spanish,S,Father,17,21,42,14,Yes,Good,Under_7,M,23.58,1
M,Tunis,Tunis,MiddleSchool,G-08,C,Spanish,S,Mum,27,41,49,14,No,Bad,Under_7,M,32.92,1
M,Kw,Kuwait,MiddleSchool,G-08,C,Spanish,S,Father,70,81,39,84,No,Bad,Under_7,M,69.08,1
M,Jordan,Saudiarabia,MiddleSchool,G-08,C,Spanish,S,Mum,27,90,82,14,Yes,Good,Under_7,H,53.71,2
M,Kw,Kuwait,MiddleSchool,G-08,C,Spanish,S,Father,17,61,42,14,No,Bad,Under_7,M,33.68,1
M,Tunis,Tunis,MiddleSchool,G-08,C,Spanish,S,Mum,87,81,42,19,Yes,Good,Under_7,H,57.51,2
M,Tunis,Tunis,MiddleSchool,G-08,C,Spanish,S,Father,7,61,22,14,No,Bad,Above_7,L,26.08,0
M,Kw,Kuwait,MiddleSchool,G-08,C,Spanish,S,Father,17,50,2,4,No,Bad,Above_7,L,18.15,0
M,Kw,Kuwait,MiddleSchool,G-08,C,Spanish,S,Father,5,21,42,14,No,Good,Above_7,L,20.58,0
M,Iran,Iran,MiddleSchool,G-08,C,Spanish,S,Mum,27,41,32,61,Yes,Bad,Above_7,M,40.57,1
F,Jordan,Kuwait,MiddleSchool,G-08,C,Spanish,S,Father,87,88,40,10,Yes,Good,Under_7,M,56.47,1
M,Kw,Kuwait,MiddleSchool,G-08,C,Spanish,S,Mum,96,61,42,94,Yes,Bad,Under_7,H,73.84,2
M,Kw,Kuwait,MiddleSchool,G-08,C,Spanish,S,Mum,57,51,46,34,Yes,Good,Under_7,M,47.28,1
M,Lebanon,Lebanon,MiddleSchool,G-08,C,Spanish,S,Father,77,69,41,13,Yes,Good,Under_7,M,50.19,1
M,Lebanon,Lebanon,MiddleSchool,G-08,C,Spanish,S,Father,80,51,40,24,No,Good,Under_7,M,48.95,1
M,Kw,Kuwait,MiddleSchool,G-08,B,Spanish,S,Father,62,61,82,40,Yes,Bad,Under_7,M,61.77,1
M,Kw,Kuwait,MiddleSchool,G-08,A,Spanish,S,Mum,72,83,12,90,Yes,Good,Under_7,H,64.72,2
M,Kw,Kuwait,MiddleSchool,G-08,B,Spanish,S,Mum,87,81,22,70,Yes,Bad,Under_7,H,65.42,2
M,Kw,Kuwait,MiddleSchool,G-08,A,Spanish,S,Mum,72,90,12,30,No,Bad,Under_7,M,51.19,1
M,Kw,Kuwait,MiddleSchool,G-08,B,Spanish,S,Father,2,11,62,30,No,Bad,Under_7,L,26.49,0
M,Kw,Kuwait,MiddleSchool,G-08,A,Spanish,S,Father,5,3,2,10,Yes,Good,Under_7,L,4.81,0
M,Kw,Kuwait,HighSchool,G-11,B,Math,S,Mum,73,84,77,81,Yes,Good,Above_7,H,79.51,2
M,Kw,Kuwait,MiddleSchool,G-08,A,Spanish,S,Father,5,17,21,10,No,Bad,Above_7,L,13.2,0
M,Iran,Iran,MiddleSchool,G-08,A,Spanish,S,Mum,51,42,12,29,No,Bad,Above_7,M,33.56,1
M,Syria,Jordan,MiddleSchool,G-08,A,Spanish,S,Father,9,7,21,20,Yes,Good,Above_7,L,14.22,0
M,Syria,Syria,MiddleSchool,G-07,A,Quran,F,Father,19,72,15,50,Yes,Good,Above_7,M,39.26,1
F,Jordan,Jordan,MiddleSchool,G-07,B,Science,S,Mum,32,80,58,46,Yes,Good,Above_7,M,54.48,1
M,Kw,Kuwait,MiddleSchool,G-07,B,Science,S,Mum,32,60,58,66,Yes,Good,Above_7,M,54.53,1
M,Kw,Kuwait,MiddleSchool,G-07,B,Science,S,Father,12,8,18,26,No,Bad,Above_7,L,15.99,0
M,Jordan,Jordan,MiddleSchool,G-07,B,Science,S,Father,52,10,13,6,No,Bad,Above_7,L,20.12,0
M,Kw,Kuwait,MiddleSchool,G-07,B,Science,S,Father,72,80,58,66,Yes,Good,Above_7,M,69.58,1
F,Kw,Kuwait,MiddleSchool,G-07,B,Science,S,Mum,72,80,58,66,Yes,Good,Above_7,M,69.58,1
M,Egypt,Egypt,MiddleSchool,G-07,B,Science,S,Mum,92,80,88,76,Yes,Good,Under_7,H,84.78,2
M,Kw,Kuwait,MiddleSchool,G-07,B,Science,S,Mum,72,80,98,96,Yes,Bad,Under_7,H,87.44,2
M,Egypt,Egypt,MiddleSchool,G-07,B,Science,S,Father,72,80,58,86,Yes,Good,Under_7,M,74.68,1
M,Kw,Kuwait,MiddleSchool,G-07,B,Science,S,Father,22,20,18,6,No,Bad,Above_7,L,16.42,0
M,Egypt,Kuwait,MiddleSchool,G-07,B,Science,S,Father,12,20,38,46,No,Bad,Above_7,M,29.22,1
M,Kw,Kuwait,MiddleSchool,G-07,B,IT,S,Mum,70,92,83,85,Yes,Bad,Under_7,H,83.33,2
F,Kw,Kuwait,MiddleSchool,G-06,A,IT,S,Father,50,40,52,66,Yes,Bad,Under_7,M,52.45,1
F,Kw,Kuwait,MiddleSchool,G-06,A,Science,S,Father,80,94,62,77,Yes,Good,Under_7,H,78.94,2
F,Kw,Kuwait,MiddleSchool,G-06,A,Math,S,Father,87,48,82,96,No,Bad,Above_7,M,79.02,1
F,Kw,Kuwait,MiddleSchool,G-06,A,Quran,S,Father,70,40,2,16,No,Bad,Above_7,L,31.94,0
M,Kw,Kuwait,lowerlevel,G-04,A,IT,S,Father,65,86,62,40,No,Good,Above_7,M,63.73,1
M,Kw,Kuwait,lowerlevel,G-04,A,Math,S,Father,15,6,32,40,Yes,Good,Under_7,H,23.38,2
M,Egypt,Egypt,lowerlevel,G-04,A,English,S,Mum,19,74,32,17,No,Good,Above_7,L,35.68,0
F,Kw,Kuwait,lowerlevel,G-04,A,Science,S,Father,69,76,82,94,No,Bad,Under_7,M,81.08,1
M,Kw,Kuwait,lowerlevel,G-04,A,Arabic,S,Father,39,26,12,44,No,Bad,Above_7,L,30.35,0
M,Kw,Kuwait,lowerlevel,G-04,A,English,S,Father,59,97,42,70,Yes,Good,Under_7,H,67.56,2
M,Kw,Kuwait,lowerlevel,G-04,A,History,S,Father,10,17,12,40,Yes,Good,Under_7,H,19.8,2
F,Kw,Kuwait,lowerlevel,G-04,A,History,S,Mum,80,87,72,60,No,Good,Under_7,H,75.39,2
F,Kw,Kuwait,lowerlevel,G-04,A,History,S,Father,70,99,66,65,No,Good,Under_7,M,75.66,1
F,Kw,Kuwait,lowerlevel,G-04,A,History,S,Father,80,97,86,95,Yes,Good,Under_7,M,90.41,1
M,Kw,Kuwait,lowerlevel,G-04,A,English,S,Mum,69,34,12,17,No,Bad,Above_7,L,32.98,0
M,Kw,Kuwait,lowerlevel,G-04,A,History,S,Father,10,17,12,14,No,Bad,Above_7,L,13.17,0
M,Kw,Kuwait,lowerlevel,G-04,A,History,S,Father,61,97,82,64,Yes,Bad,Above_7,M,76.73,1
F,Kw,Kuwait,lowerlevel,G-04,A,History,S,Mum,21,27,52,34,Yes,Good,Above_7,M,33.75,1
M,Egypt,Egypt,lowerlevel,G-04,A,Math,S,Mum,49,94,42,7,No,Bad,Above_7,M,48.23,1
F,Jordan,Jordan,MiddleSchool,G-06,A,English,F,Mum,70,64,42,32,No,Bad,Under_7,M,52.28,1
F,Jordan,Jordan,MiddleSchool,G-06,A,English,S,Mum,79,84,82,37,No,Bad,Under_7,H,71.06,2
M,Jordan,Jordan,MiddleSchool,G-06,A,English,F,Father,19,80,12,17,Yes,Good,Above_7,M,32.09,1
M,Jordan,Jordan,MiddleSchool,G-06,A,English,S,Father,11,70,32,29,Yes,Good,Above_7,M,35.73,1
M,Jordan,Jordan,MiddleSchool,G-06,A,English,F,Father,10,8,10,10,Yes,Bad,Above_7,M,9.37,1
M,Jordan,Jordan,MiddleSchool,G-06,A,English,S,Father,18,28,40,20,Yes,Bad,Above_7,M,26.62,1
F,Jordan,Jordan,MiddleSchool,G-06,A,English,F,Mum,90,84,52,30,No,Good,Under_7,H,64.38,2
F,Jordan,Jordan,MiddleSchool,G-06,A,English,S,Mum,92,81,32,36,No,Good,Under_7,M,60.55,1
M,Jordan,Jordan,MiddleSchool,G-06,A,English,F,Father,42,21,2,16,No,Bad,Under_7,M,20.14,1
M,Jordan,Jordan,MiddleSchool,G-06,A,English,S,Father,22,20,6,26,No,Bad,Under_7,H,18.46,2
F,Lebanon,Lebanon,MiddleSchool,G-06,A,English,F,Mum,95,82,82,70,Yes,Good,Under_7,H,82.98,2
F,Lebanon,Lebanon,MiddleSchool,G-06,A,English,S,Mum,90,62,80,60,Yes,Good,Under_7,H,73.62,2
M,Palestine,Jordan,MiddleSchool,G-06,A,English,F,Mum,72,21,22,26,Yes,Good,Under_7,H,35.29,2
M,Palestine,Jordan,MiddleSchool,G-06,A,English,S,Mum,92,31,42,27,Yes,Good,Under_7,H,48.18,2
M,Palestine,Jordan,MiddleSchool,G-06,A,English,F,Mum,82,31,52,25,No,Good,Under_7,M,47.72,1
M,Palestine,Jordan,MiddleSchool,G-06,A,English,S,Mum,72,41,46,27,No,Good,Under_7,M,46.72,1
M,Iraq,Iraq,MiddleSchool,G-06,A,English,F,Mum,74,71,56,37,No,Good,Under_7,H,59.9,2
M,Iraq,Iraq,MiddleSchool,G-06,A,English,S,Mum,74,60,56,37,No,Good,Under_7,H,57.12,2
F,Jordan,Jordan,MiddleSchool,G-06,A,English,F,Mum,95,94,72,80,No,Good,Under_7,H,86.01,2
F,Jordan,Jordan,MiddleSchool,G-06,A,English,S,Mum,97,87,82,86,No,Good,Under_7,H,88.82,2
M,Jordan,Jordan,MiddleSchool,G-06,A,English,F,Father,40,38,32,36,No,Bad,Above_7,M,36.69,1
M,Jordan,Jordan,MiddleSchool,G-06,A,English,S,Father,41,39,35,39,Yes,Bad,Above_7,M,38.72,1
F,Jordan,Jordan,MiddleSchool,G-06,A,English,F,Mum,51,79,85,89,Yes,Good,Under_7,H,76.83,2
F,Jordan,Jordan,MiddleSchool,G-06,A,English,S,Mum,81,79,91,85,Yes,Good,Under_7,H,84.84,2
M,Palestine,Jordan,MiddleSchool,G-06,A,English,F,Mum,71,70,65,69,Yes,Good,Under_7,M,69.36,1
M,Palestine,Jordan,MiddleSchool,G-06,A,English,S,Mum,75,71,76,80,Yes,Good,Under_7,M,76.22,1
F,Jordan,Jordan,lowerlevel,G-04,A,Science,F,Father,49,36,32,44,No,Bad,Above_7,L,40.47,0
F,Jordan,Jordan,lowerlevel,G-04,A,Science,S,Father,42,24,12,24,No,Bad,Above_7,L,25.49,0
F,Palestine,Palestine,lowerlevel,G-04,A,Science,F,Mum,90,86,82,74,Yes,Good,Under_7,H,83.76,2
F,Palestine,Palestine,lowerlevel,G-04,A,Science,S,Mum,62,64,72,84,Yes,Good,Under_7,H,71.2,2
M,Iraq,Iraq,lowerlevel,G-04,A,Science,F,Father,90,86,82,74,Yes,Good,Above_7,M,83.76,1
M,Iraq,Iraq,lowerlevel,G-04,A,Science,S,Father,62,64,72,84,Yes,Good,Above_7,M,71.2,1
F,Jordan,Jordan,lowerlevel,G-04,A,Science,F,Mum,98,87,86,84,No,Good,Under_7,H,89.58,2
F,Jordan,Jordan,lowerlevel,G-04,A,Science,S,Mum,72,74,82,89,No,Good,Under_7,H,80.05,2
M,Jordan,Jordan,lowerlevel,G-04,A,Science,F,Father,18,17,26,34,No,Good,Above_7,M,23.84,1
M,Jordan,Jordan,lowerlevel,G-04,A,Science,S,Father,32,14,32,29,No,Good,Above_7,M,26.84,1
M,Jordan,Jordan,lowerlevel,G-04,A,Science,F,Father,10,12,20,13,No,Bad,Above_7,L,13.69,0
M,Jordan,Jordan,lowerlevel,G-04,A,Science,S,Father,22,34,15,9,No,Bad,Above_7,L,19.95,0
F,Jordan,Jordan,lowerlevel,G-04,B,Science,F,Mum,11,20,21,23,No,Bad,Under_7,M,18.77,1
F,Jordan,Jordan,lowerlevel,G-04,B,Science,S,Mum,12,44,25,39,No,Bad,Under_7,M,30.18,1
F,Jordan,Jordan,lowerlevel,G-04,B,Science,F,Father,15,50,24,43,Yes,Bad,Under_7,M,33.21,1
F,Jordan,Jordan,lowerlevel,G-04,B,Science,S,Father,32,44,29,89,Yes,Bad,Under_7,M,48.96,1
M,Jordan,Jordan,lowerlevel,G-04,B,Science,F,Mum,65,59,74,83,Yes,Good,Under_7,H,70.94,2
M,Jordan,Jordan,lowerlevel,G-04,B,Science,S,Mum,72,64,59,89,Yes,Good,Under_7,H,71.66,2
M,Palestine,Jordan,lowerlevel,G-04,B,Science,F,Mum,95,57,74,89,Yes,Good,Above_7,M,79.47,1
M,Palestine,Jordan,lowerlevel,G-04,B,Science,S,Mum,82,84,79,79,Yes,Good,Above_7,M,81.76,1
M,Jordan,Jordan,lowerlevel,G-04,B,Science,F,Father,25,29,34,33,No,Good,Above_7,M,30.41,1
M,Jordan,Jordan,lowerlevel,G-04,B,Science,S,Father,42,34,29,39,No,Good,Above_7,M,36.18,1
F,Jordan,Jordan,lowerlevel,G-04,B,Science,F,Mum,55,79,44,43,Yes,Good,Under_7,H,55.64,2
F,Jordan,Jordan,lowerlevel,G-04,B,Science,S,Mum,62,64,69,49,Yes,Good,Under_7,H,61.51,2
F,Jordan,Lebanon,lowerlevel,G-04,B,Science,F,Mum,78,88,74,83,Yes,Good,Under_7,H,81.52,2
F,Jordan,Lebanon,lowerlevel,G-04,B,Science,S,Mum,72,84,89,89,Yes,Good,Under_7,H,84.37,2
M,Jordan,Jordan,lowerlevel,G-02,A,French,F,Mum,60,92,83,23,Yes,Good,Under_7,H,65.02,2
M,Jordan,Jordan,lowerlevel,G-02,A,French,S,Mum,50,90,83,13,Yes,Good,Under_7,H,59.46,2
F,Jordan,Jordan,lowerlevel,G-02,A,French,F,Mum,60,97,13,3,Yes,Good,Under_7,H,43.32,2
F,Jordan,Jordan,lowerlevel,G-02,A,French,S,Mum,50,95,23,10,Yes,Good,Under_7,H,44.65,2
F,Jordan,Jordan,lowerlevel,G-02,A,French,F,Mum,60,87,23,11,Yes,Good,Above_7,M,45.39,1
F,Jordan,Jordan,lowerlevel,G-02,A,French,S,Mum,50,80,20,15,Yes,Good,Above_7,M,41.38,1
M,Jordan,Jordan,lowerlevel,G-02,A,French,F,Father,10,15,10,21,No,Bad,Above_7,L,13.94,0
M,Jordan,Jordan,lowerlevel,G-02,A,French,S,Father,30,10,20,5,No,Bad,Above_7,L,16.15,0
M,Syria,Syria,lowerlevel,G-02,A,French,F,Father,24,35,18,31,No,Bad,Under_7,M,27.08,1
M,Syria,Syria,lowerlevel,G-02,A,French,S,Father,27,20,33,35,No,Bad,Under_7,M,28.89,1
M,Jordan,Jordan,lowerlevel,G-02,A,French,F,Father,10,15,10,21,No,Bad,Above_7,L,13.94,0
M,Jordan,Jordan,lowerlevel,G-02,A,French,S,Father,30,10,20,5,No,Bad,Above_7,L,16.15,0
F,Jordan,Palestine,lowerlevel,G-02,A,French,F,Mum,80,77,63,83,Yes,Good,Under_7,M,76.43,1
F,Jordan,Palestine,lowerlevel,G-02,A,French,S,Mum,75,85,73,80,Yes,Good,Under_7,M,78.99,1
M,Jordan,Jordan,lowerlevel,G-02,A,French,F,Father,40,7,50,41,No,Good,Above_7,L,34.73,0
M,Jordan,Jordan,lowerlevel,G-02,A,French,S,Father,35,2,29,33,No,Good,Above_7,L,24.82,0
F,Jordan,Jordan,lowerlevel,G-02,A,French,F,Mum,10,90,30,21,No,Good,Under_7,M,37.98,1
F,Jordan,Jordan,lowerlevel,G-02,A,French,S,Mum,25,80,29,23,No,Good,Under_7,M,39.46,1
M,Lybia,Lybia,lowerlevel,G-02,A,French,F,Mum,10,8,9,3,No,Good,Above_7,L,7.33,0
M,Lybia,Lybia,lowerlevel,G-02,A,French,S,Mum,15,7,12,7,No,Good,Above_7,L,10.11,0
F,Palestine,Jordan,lowerlevel,G-02,A,French,F,Mum,70,90,20,21,No,Good,Under_7,M,50.43,1
F,Palestine,Jordan,lowerlevel,G-02,A,French,S,Mum,75,80,15,20,No,Good,Under_7,M,47.63,1
F,Palestine,Jordan,lowerlevel,G-02,B,French,F,Father,78,98,10,11,No,Good,Under_7,M,49.35,1
F,Palestine,Jordan,lowerlevel,G-02,B,French,S,Father,79,89,11,14,No,Good,Under_7,M,48.35,1
F,Iraq,Iraq,lowerlevel,G-02,B,French,F,Father,16,90,15,11,No,Good,Under_7,M,33.1,1
F,Iraq,Iraq,lowerlevel,G-02,B,French,S,Father,17,80,13,10,No,Good,Under_7,M,30.06,1
M,Jordan,Jordan,lowerlevel,G-02,B,French,F,Mum,40,87,50,41,No,Bad,Under_7,M,54.93,1
M,Jordan,Jordan,lowerlevel,G-02,B,French,S,Mum,35,92,29,33,No,Bad,Under_7,M,47.54,1
F,Jordan,Jordan,lowerlevel,G-02,B,French,F,Mum,14,97,15,14,No,Good,Under_7,H,35.14,2
F,Jordan,Jordan,lowerlevel,G-02,B,French,F,Mum,13,82,20,30,No,Good,Under_7,H,36.46,2
F,Jordan,Jordan,lowerlevel,G-02,B,French,S,Mum,24,97,15,14,No,Good,Under_7,H,37.64,2
F,Jordan,Jordan,lowerlevel,G-02,B,French,S,Mum,23,82,20,30,No,Good,Under_7,H,38.96,2
M,Lybia,Lybia,lowerlevel,G-02,B,French,F,Mum,20,3,9,3,No,Good,Above_7,L,8.56,0
M,Lybia,Lybia,lowerlevel,G-02,B,French,S,Mum,15,4,12,7,No,Good,Above_7,L,9.35,0
M,Egypt,Egypt,lowerlevel,G-02,B,French,F,Mum,5,13,6,6,No,Good,Above_7,L,7.34,0
M,Egypt,Egypt,lowerlevel,G-02,B,French,S,Mum,7,9,11,10,No,Good,Above_7,L,9.12,0
F,Jordan,Jordan,lowerlevel,G-02,B,French,F,Mum,10,94,40,11,Yes,Good,Under_7,M,38.99,1
F,Jordan,Jordan,lowerlevel,G-02,B,French,S,Mum,25,89,21,13,Yes,Good,Under_7,M,37.14,1
M,Jordan,Jordan,lowerlevel,G-02,B,French,F,Mum,30,98,42,21,Yes,Good,Under_7,H,48.06,2
M,Jordan,Jordan,lowerlevel,G-02,B,French,S,Mum,35,97,41,23,Yes,Good,Under_7,H,49.32,2
M,Jordan,Jordan,lowerlevel,G-02,B,French,F,Father,32,88,32,25,Yes,Good,Under_7,M,44.51,1
M,Jordan,Jordan,lowerlevel,G-02,B,French,S,Father,25,87,21,27,Yes,Good,Under_7,M,40.21,1
F,Lebanon,Lebanon,lowerlevel,G-02,B,French,F,Mum,72,98,52,15,Yes,Good,Under_7,H,59.58,2
F,Lebanon,Lebanon,lowerlevel,G-02,B,French,S,Mum,75,90,51,17,Yes,Good,Under_7,H,58.57,2
M,Jordan,Jordan,lowerlevel,G-02,A,Arabic,F,Father,20,88,31,28,Yes,Good,Above_7,M,42.02,1
M,Jordan,Jordan,lowerlevel,G-02,A,Arabic,S,Father,10,98,41,38,Yes,Good,Above_7,M,47.15,1
M,Palestine,Jordan,lowerlevel,G-02,A,Arabic,F,Father,90,98,41,38,Yes,Good,Under_7,H,67.15,2
M,Palestine,Jordan,lowerlevel,G-02,A,Arabic,S,Father,80,88,51,39,Yes,Good,Under_7,H,64.93,2
M,Iraq,Iraq,lowerlevel,G-02,A,Arabic,F,Father,80,95,21,28,Yes,Good,Under_7,H,56.23,2
M,Iraq,Iraq,lowerlevel,G-02,A,Arabic,S,Father,78,70,31,29,Yes,Good,Under_7,H,52.23,2
M,Jordan,Jordan,lowerlevel,G-02,A,Arabic,F,Father,10,18,71,38,Yes,Good,Above_7,M,34.6,1
M,Jordan,Jordan,lowerlevel,G-02,A,Arabic,S,Father,10,58,51,48,Yes,Good,Above_7,M,42.15,1
F,Palestine,Jordan,lowerlevel,G-02,A,Arabic,F,Mum,98,88,60,31,No,Good,Under_7,H,69.68,2
F,Palestine,Jordan,lowerlevel,G-02,A,Arabic,S,Mum,75,81,51,34,No,Good,Under_7,H,60.63,2
M,Jordan,Jordan,lowerlevel,G-02,A,Arabic,F,Father,10,17,50,21,No,Bad,Under_7,M,24.65,1
M,Jordan,Jordan,lowerlevel,G-02,A,Arabic,S,Father,35,2,29,23,No,Bad,Under_7,M,22.27,1
F,Jordan,Jordan,lowerlevel,G-02,A,Arabic,F,Father,10,20,22,97,No,Bad,Above_7,L,37.65,0
F,Jordan,Jordan,lowerlevel,G-02,A,Arabic,S,Father,5,9,19,98,No,Bad,Above_7,L,33.11,0
M,Jordan,Jordan,lowerlevel,G-02,B,Arabic,F,Father,10,10,40,51,No,Bad,Above_7,L,27.98,0
M,Jordan,Jordan,lowerlevel,G-02,B,Arabic,S,Father,35,2,29,23,No,Bad,Above_7,L,22.27,0
M,Jordan,Jordan,lowerlevel,G-02,B,Arabic,F,Mum,20,90,50,61,Yes,Bad,Above_7,M,55.79,1
M,Jordan,Jordan,lowerlevel,G-02,B,Arabic,S,Mum,32,82,59,63,Yes,Bad,Above_7,M,59.57,1
M,Jordan,Jordan,lowerlevel,G-02,B,Arabic,F,Father,10,30,50,91,Yes,Bad,Above_7,L,45.79,0
M,Jordan,Jordan,lowerlevel,G-02,B,Arabic,S,Father,12,22,59,83,Yes,Bad,Above_7,L,44.52,0
F,Jordan,Jordan,lowerlevel,G-02,B,Arabic,F,Father,11,20,20,98,No,Bad,Above_7,L,37.65,0
F,Jordan,Jordan,lowerlevel,G-02,B,Arabic,S,Father,10,12,29,93,No,Bad,Above_7,L,36.4,0
M,Iraq,Iraq,lowerlevel,G-02,B,Arabic,F,Mum,69,82,20,28,Yes,Good,Under_7,H,49.95,2
M,Iraq,Iraq,lowerlevel,G-02,B,Arabic,S,Mum,70,83,29,33,Yes,Good,Under_7,H,54.02,2
F,Iraq,Iraq,lowerlevel,G-02,B,Arabic,F,Mum,89,92,40,28,Yes,Good,Under_7,H,62.57,2
F,Iraq,Iraq,lowerlevel,G-02,B,Arabic,S,Mum,79,93,49,23,Yes,Good,Under_7,H,61.35,2
M,Jordan,Jordan,lowerlevel,G-02,B,Arabic,F,Mum,15,90,21,97,Yes,Good,Under_7,M,56.32,1
M,Jordan,Jordan,lowerlevel,G-02,B,Arabic,S,Mum,20,77,31,88,Yes,Good,Under_7,M,54.55,1
M,Jordan,Saudiarabia,lowerlevel,G-02,B,Arabic,F,Mum,4,10,11,7,No,Good,Above_7,L,7.86,0
M,Jordan,Saudiarabia,lowerlevel,G-02,B,Arabic,S,Mum,5,0,1,8,No,Good,Above_7,L,3.29,0
F,Jordan,Jordan,MiddleSchool,G-07,A,Biology,F,Mum,88,81,50,10,Yes,Good,Above_7,M,57.51,1
F,Jordan,Jordan,MiddleSchool,G-07,A,Biology,S,Mum,90,88,54,12,Yes,Good,Above_7,M,61.3,1
F,Iraq,Iraq,MiddleSchool,G-07,A,Biology,F,Mum,86,98,50,20,Yes,Good,Under_7,H,63.85,2
F,Iraq,Iraq,MiddleSchool,G-07,A,Biology,S,Mum,90,90,57,22,Yes,Good,Under_7,H,65.13,2
M,Jordan,Palestine,MiddleSchool,G-07,A,Biology,F,Mum,78,91,50,40,Yes,Good,Under_7,H,65.18,2
M,Jordan,Palestine,MiddleSchool,G-07,A,Biology,S,Mum,70,98,54,72,Yes,Good,Under_7,H,74.14,2
M,Jordan,Jordan,MiddleSchool,G-07,A,Biology,F,Father,80,80,46,61,Yes,Bad,Under_7,M,67.24,1
M,Jordan,Jordan,MiddleSchool,G-07,A,Biology,S,Father,85,82,59,63,Yes,Bad,Under_7,M,72.82,1
M,Palestine,Palestine,MiddleSchool,G-07,A,Biology,F,Father,88,90,86,81,Yes,Good,Under_7,H,87.07,2
M,Palestine,Palestine,MiddleSchool,G-07,A,Biology,S,Father,89,92,89,83,Yes,Good,Under_7,H,89.1,2
M,Jordan,Jordan,MiddleSchool,G-07,A,Biology,F,Father,39,71,40,26,No,Good,Above_7,M,44.26,1
M,Jordan,Jordan,MiddleSchool,G-07,A,Biology,S,Father,35,80,34,22,No,Good,Above_7,M,42.98,1
M,Jordan,Jordan,MiddleSchool,G-07,A,Biology,F,Father,76,81,80,86,No,Good,Under_7,H,81.55,2
M,Jordan,Jordan,MiddleSchool,G-07,A,Biology,S,Father,65,89,64,82,No,Good,Under_7,H,75.71,2
F,Syria,Syria,MiddleSchool,G-07,A,Biology,F,Mum,96,95,70,70,Yes,Good,Under_7,H,83.45,2
F,Syria,Syria,MiddleSchool,G-07,A,Biology,S,Mum,80,91,87,72,Yes,Good,Under_7,H,83.29,2
M,Jordan,Jordan,MiddleSchool,G-07,A,Biology,F,Mum,2,9,10,1,No,Bad,Above_7,L,5.32,0
M,Jordan,Jordan,MiddleSchool,G-07,A,Biology,S,Mum,3,8,19,3,No,Bad,Above_7,L,8.13,0
M,Jordan,Jordan,MiddleSchool,G-07,B,Biology,F,Father,50,79,10,31,No,Bad,Under_7,M,42.65,1
M,Jordan,Jordan,MiddleSchool,G-07,B,Biology,S,Father,53,88,9,33,No,Bad,Under_7,M,45.93,1
F,Jordan,Jordan,MiddleSchool,G-07,B,Biology,F,Mum,70,89,12,21,No,Good,Under_7,H,48.14,2
F,Jordan,Jordan,MiddleSchool,G-07,B,Biology,S,Mum,59,90,19,43,No,Good,Under_7,H,53.04,2
M,Palestine,Jordan,MiddleSchool,G-07,B,Biology,F,Father,78,80,66,51,Yes,Good,Under_7,M,69.29,1
M,Palestine,Jordan,MiddleSchool,G-07,B,Biology,S,Father,79,72,79,83,Yes,Good,Under_7,M,79.0,1
F,Lybia,Lybia,MiddleSchool,G-07,B,Biology,F,Mum,10,9,2,1,No,Good,Above_7,L,5.28,0
F,Lybia,Lybia,MiddleSchool,G-07,B,Biology,S,Mum,9,7,9,3,No,Good,Above_7,L,6.82,0
M,Iraq,Iraq,MiddleSchool,G-07,B,Biology,F,Father,98,90,86,71,Yes,Good,Under_7,H,87.02,2
M,Iraq,Iraq,MiddleSchool,G-07,B,Biology,S,Father,89,92,89,83,Yes,Good,Under_7,H,89.1,2
M,Palestine,Jordan,MiddleSchool,G-07,B,Biology,F,Father,88,90,76,81,Yes,Good,Under_7,H,84.52,2
M,Palestine,Jordan,MiddleSchool,G-07,B,Biology,S,Father,99,96,89,84,Yes,Good,Under_7,H,92.87,2
F,Jordan,Jordan,MiddleSchool,G-08,A,Chemistry,F,Mum,82,89,22,31,Yes,Good,Under_7,H,56.24,2
F,Jordan,Jordan,MiddleSchool,G-08,A,Chemistry,S,Mum,84,92,29,43,Yes,Good,Under_7,H,62.34,2
F,Jordan,Jordan,MiddleSchool,G-08,A,Geology,F,Mum,70,69,46,45,Yes,Good,Above_7,M,57.88,1
F,Jordan,Jordan,MiddleSchool,G-08,A,Geology,S,Mum,74,62,49,43,Yes,Good,Above_7,M,57.37,1
F,Jordan,Jordan,MiddleSchool,G-08,A,Geology,F,Mum,90,79,76,79,Yes,Good,Under_7,H,81.74,2
F,Jordan,Jordan,MiddleSchool,G-08,A,Geology,S,Mum,84,77,79,68,Yes,Good,Under_7,H,77.69,2
M,Jordan,Jordan,MiddleSchool,G-08,A,Chemistry,F,Mum,80,80,62,11,Yes,Good,Above_7,M,58.57,1
M,Jordan,Jordan,MiddleSchool,G-08,A,Chemistry,S,Mum,81,82,69,13,Yes,Good,Above_7,M,61.62,1
M,Jordan,Saudiarabia,MiddleSchool,G-08,A,Chemistry,F,Father,10,0,2,41,No,Bad,Above_7,L,13.21,0
M,Jordan,Saudiarabia,MiddleSchool,G-08,A,Chemistry,S,Father,11,2,9,49,No,Bad,Above_7,L,17.8,0
M,Jordan,Saudiarabia,MiddleSchool,G-08,A,Geology,F,Father,85,89,22,61,No,Bad,Under_7,H,64.64,2
M,Jordan,Saudiarabia,MiddleSchool,G-08,A,Geology,S,Father,80,89,23,68,No,Bad,Under_7,H,65.43,2
M,Jordan,Saudiarabia,MiddleSchool,G-08,A,Geology,F,Father,95,87,62,81,No,Bad,Under_7,M,81.94,1
M,Jordan,Saudiarabia,MiddleSchool,G-08,A,Geology,S,Father,87,79,73,98,No,Bad,Under_7,M,85.07,1
M,Jordan,Jordan,MiddleSchool,G-08,A,Chemistry,F,Mum,85,87,72,10,Yes,Good,Above_7,M,63.88,1
M,Jordan,Jordan,MiddleSchool,G-08,A,Chemistry,S,Mum,79,88,79,20,Yes,Good,Above_7,M,66.97,1
M,Jordan,Jordan,MiddleSchool,G-08,A,Geology,F,Mum,80,81,71,30,Yes,Good,Under_7,M,65.96,1
M,Jordan,Jordan,MiddleSchool,G-08,A,Geology,S,Mum,70,83,70,23,Yes,Good,Under_7,M,61.93,1
M,Jordan,Jordan,MiddleSchool,G-08,A,Chemistry,F,Mum,80,82,76,19,Yes,Good,Under_7,M,64.69,1
M,Jordan,Jordan,MiddleSchool,G-08,A,Chemistry,S,Mum,70,82,75,29,Yes,Good,Under_7,M,64.48,1
M,Jordan,Jordan,MiddleSchool,G-08,A,Geology,F,Mum,89,87,86,15,Yes,Good,Under_7,M,69.73,1
M,Jordan,Jordan,MiddleSchool,G-08,A,Geology,S,Mum,90,86,85,10,Yes,Good,Under_7,M,68.2,1
M,Jordan,Jordan,MiddleSchool,G-08,A,History,F,Mum,69,77,76,75,Yes,Good,Above_7,M,74.96,1
M,Jordan,Jordan,MiddleSchool,G-08,A,History,S,Mum,70,76,65,70,Yes,Good,Above_7,M,70.88,1
M,Jordan,Jordan,MiddleSchool,G-08,A,Chemistry,F,Mum,75,72,64,39,Yes,Good,Above_7,L,62.95,0
M,Jordan,Jordan,MiddleSchool,G-08,A,Chemistry,S,Mum,72,76,66,40,Yes,Good,Above_7,L,63.98,0
M,Jordan,Jordan,MiddleSchool,G-08,A,Geology,F,Mum,77,82,74,79,Yes,Good,Under_7,M,78.73,1
M,Jordan,Jordan,MiddleSchool,G-08,A,Geology,S,Mum,71,84,67,80,Yes,Good,Under_7,M,76.21,1
M,Jordan,Jordan,MiddleSchool,G-08,A,History,F,Mum,87,92,74,89,Yes,Good,Under_7,H,86.31,2
M,Jordan,Jordan,MiddleSchool,G-08,A,History,S,Mum,81,84,77,85,Yes,Good,Under_7,H,82.53,2
F,Jordan,Jordan,MiddleSchool,G-08,A,Chemistry,F,Father,15,97,22,10,Yes,Good,Under_7,H,36.15,2
F,Jordan,Jordan,MiddleSchool,G-08,A,Chemistry,S,Father,19,98,20,2,Yes,Good,Under_7,H,34.85,2
F,Jordan,Jordan,MiddleSchool,G-08,A,Geology,F,Father,25,82,52,20,Yes,Good,Above_7,M,45.07,1
F,Jordan,Jordan,MiddleSchool,G-08,A,Geology,S,Father,29,78,40,12,Yes,Good,Above_7,M,39.96,1
F,Jordan,Jordan,MiddleSchool,G-08,A,History,F,Father,45,87,57,80,Yes,Good,Under_7,M,67.91,1
F,Jordan,Jordan,MiddleSchool,G-08,A,History,S,Father,39,88,43,72,Yes,Good,Under_7,M,61.05,1
F,Jordan,Jordan,MiddleSchool,G-08,A,Chemistry,F,Father,85,90,52,30,Yes,Good,Under_7,H,64.64,2
F,Jordan,Jordan,MiddleSchool,G-08,A,Chemistry,S,Father,79,91,49,22,Yes,Good,Under_7,H,60.59,2
M,Iraq,Iraq,MiddleSchool,G-08,A,Chemistry,F,Father,90,91,80,81,Yes,Good,Under_7,H,86.3,2
M,Iraq,Iraq,MiddleSchool,G-08,A,Chemistry,S,Father,80,90,80,83,Yes,Good,Under_7,H,84.05,2
M,Iraq,Iraq,MiddleSchool,G-08,A,Geology,F,Father,80,83,82,71,Yes,Good,Above_7,M,79.74,1
M,Iraq,Iraq,MiddleSchool,G-08,A,Geology,S,Father,71,81,83,72,Yes,Good,Above_7,M,77.49,1
M,Iraq,Iraq,MiddleSchool,G-08,A,History,F,Father,72,87,72,89,Yes,Good,Above_7,M,80.79,1
M,Iraq,Iraq,MiddleSchool,G-08,A,History,S,Father,69,77,83,92,Yes,Good,Above_7,M,81.08,1
F,Jordan,Jordan,MiddleSchool,G-08,A,Chemistry,F,Mum,85,99,42,90,Yes,Good,Under_7,H,79.67,2
F,Jordan,Jordan,MiddleSchool,G-08,A,Chemistry,S,Mum,89,96,45,92,Yes,Good,Under_7,H,81.19,2
F,Jordan,Jordan,MiddleSchool,G-08,A,Geology,F,Mum,80,82,64,58,Yes,Good,Under_7,H,71.57,2
F,Jordan,Jordan,MiddleSchool,G-08,A,Geology,S,Mum,87,93,63,60,Yes,Good,Under_7,H,76.36,2
F,Jordan,Jordan,MiddleSchool,G-08,A,Chemistry,F,Father,15,9,14,80,No,Bad,Above_7,L,29.75,0
F,Jordan,Jordan,MiddleSchool,G-08,A,Chemistry,S,Father,9,6,15,85,No,Bad,Above_7,L,29.02,0
M,Palestine,Jordan,MiddleSchool,G-08,A,History,F,Father,81,86,86,41,Yes,Good,Under_7,M,74.11,1
M,Palestine,Jordan,MiddleSchool,G-08,A,History,S,Father,78,82,78,53,Yes,Good,Under_7,M,73.37,1
M,Palestine,Palestine,MiddleSchool,G-08,A,Geology,F,Father,80,87,74,68,Yes,Good,Under_7,M,77.94,1
M,Palestine,Palestine,MiddleSchool,G-08,A,Geology,S,Father,85,88,79,70,Yes,Good,Under_7,M,81.23,1
F,Jordan,Jordan,MiddleSchool,G-08,A,Chemistry,F,Father,2,7,4,8,No,Bad,Above_7,L,5.07,0
F,Jordan,Jordan,MiddleSchool,G-08,A,Chemistry,S,Father,5,4,5,8,No,Bad,Above_7,L,5.32,0
F,Jordan,Jordan,MiddleSchool,G-08,A,Geology,F,Father,50,77,14,28,No,Bad,Under_7,M,42.4,1
F,Jordan,Jordan,MiddleSchool,G-08,A,Geology,S,Father,55,74,25,29,No,Bad,Under_7,M,45.96,1
F,Jordan,Jordan,MiddleSchool,G-08,A,History,F,Father,30,17,14,57,No,Bad,Above_7,L,29.65,0
F,Jordan,Jordan,MiddleSchool,G-08,A,History,S,Father,35,14,23,62,No,Bad,Above_7,L,33.71,0
